message_id,user_id,channel_name,reply_count,reply_users_count,reply_users,reactions,message_date,message_datetime,extracted_datetime
2e2e77b7-4b96-417b-bec2-2942cde6debd,U0381889F,general,26,3,"[""UCL2RJ89X"",""UKA77QAYY"",""U0KG42Q0P""]","[{""name"": ""pray"", ""users"": [""U2XQ3JJAN"", ""UNNH8IW78""], ""count"": 2}, {""name"": ""this"", ""users"": [""U2XQ3JJAN"", ""UFUV7GPHM"", ""UG6UG9470""], ""count"": 3}, {""name"": ""point_up"", ""users"": [""UHGL04640""], ""count"": 1}, {""name"": ""approved"", ""users"": [""UNNH8IW78""], ""count"": 1}]",2024-08-15,2024-08-15 00:16:33,2024-08-15 00:52:24
995d69b9-6c6f-4952-bf8d-d90f3833ba36,UEA8H90WN,general,30,22,"[""U3HY0BS3W"",""U7W96XW2A"",""UC3Z15JC3"",""U6P582A60"",""UZ90K3JDW"",""UB51ZBPGJ"",""UNNH8IW78"",""U08ITMEA6"",""USI1BH3K3"",""U3GY5K9EQ"",""U0381889F"",""UIX8TSI0Y"",""U85PB3J63"",""UNVWFC5Q1"",""UYJ494VWS"",""UEA8H90WN"",""U1FM88J9J"",""UU6K92DUR"",""UZ5125Y28"",""U2M260029"",""UNC2V4ZD7"",""UPT27H737""]","[{""name"": ""laugh"", ""users"": [""U81OT695K""], ""count"": 1}]",2025-06-20,2025-06-20 05:02:24,2025-06-20 05:18:35
a66f9ac0-1bd4-4d12-826f-f8e1988b502a,UJ65P6F44,marketing,33,12,"[""UN979RN92"",""U3O3NUM10"",""U81OT695K"",""UWW10VL06"",""USI1BH3K3"",""UFF1HYHJ2"",""U9YFOYM78"",""U2M260029"",""UDC0ZA535"",""UP9T7VJBF"",""U7PX1XVTE"",""U7W96XW2A""]","[{""name"": ""pray"", ""users"": [""UKVN1ZI1Z""], ""count"": 1}, {""name"": ""laugh"", ""users"": [""UB81I8027""], ""count"": 1}, {""name"": ""raised_hands"", ""users"": [""UL96240J4""], ""count"": 1}]",2025-11-19,2025-11-19 15:52:39,2025-11-19 15:55:25
bd67bd8f-d00e-4825-850d-f582d2bbba47,UL9VWQ9S2,marketing,40,30,"[""UV77JEL7Q"",""U7PX1XVTE"",""U0381889F"",""U0EIW7DOX"",""UA3IV9419"",""UG6UG9470"",""UL92954KA"",""U4095YWYD"",""U549234TU"",""UYEP6YY91"",""U91Q0A72O"",""UWBXBIUB7"",""US3QTX4Z1"",""U0D6182AR"",""UOBK5OFZ0"",""UE83A3954"",""UPT27H737"",""UV4M04Y17"",""UL96240J4"",""UN0J0I7F0"",""UIX8TSI0Y"",""UCL2RJ89X"",""UORS33I12"",""UIDQ8QXI5"",""UK756E555"",""UZ90K3JDW"",""UFF1HYHJ2"",""UNC2V4ZD7"",""UK4V3ON2O"",""U3HY0BS3W""]","[{""name"": ""point_up"", ""users"": [""UG6UG9470"", ""USI1BH3K3""], ""count"": 2}]",2025-10-03,2025-10-03 06:42:33,2025-10-03 07:28:01
0bcffd89-1b0d-4fcd-9144-c7d0c462806d,UFUV7GPHM,engineering,39,28,"[""UZ271WU40"",""UORS33I12"",""UK839UQ5R"",""UNS22LGIY"",""U85PB3J63"",""U3O3NUM10"",""UHGL04640"",""UL96240J4"",""U91Q0A72O"",""ULWL32B29"",""U34AX16M0"",""UB81I8027"",""UL92954KA"",""UNY6WDI60"",""U378U76S4"",""USI1BH3K3"",""U2XQ3JJAN"",""UV77JEL7Q"",""UQSF747QR"",""U08ITMEA6"",""UZ5125Y28"",""UP9T7VJBF"",""UWL5JX23M"",""UZ90K3JDW"",""UDC0ZA535"",""U3HY0BS3W"",""U9YFOYM78"",""UNVWFC5Q1""]","[{""name"": ""this"", ""users"": [""UEA8H90WN"", ""UOBK5OFZ0"", ""UYJ494VWS""], ""count"": 3}, {""name"": ""laugh"", ""users"": [""U549234TU"", ""U96N45CL2""], ""count"": 2}]",2025-08-23,2025-08-23 13:18:11,2025-08-23 13:57:41
59987703-7561-4565-b7f7-86a23e276d45,UQY0NPYWN,social,13,6,"[""UV77JEL7Q"",""U3GY5K9EQ"",""U0GBC0N90"",""U91Q0A72O"",""U84A3Q05B"",""UH1039P7I""]",[],2024-10-31,2024-10-31 14:34:47,2024-10-31 15:07:00
6c6d6992-ba32-450a-a93f-6732222cd679,ULRS0HVJ3,marketing,30,29,"[""UF39WLXAT"",""UNY6WDI60"",""UWBXBIUB7"",""U2M260029"",""U08ITMEA6"",""UYJ494VWS"",""U1FM88J9J"",""UH1039P7I"",""UB9LLF16J"",""UNNH8IW78"",""U2QXC4ZNG"",""UV77JEL7Q"",""UEZMYV74R"",""UCL2RJ89X"",""U9E255NN9"",""U81OT695K"",""UFUV7GPHM"",""UQY0NPYWN"",""U0GBC0N90"",""U3TE14ET2"",""UB51ZBPGJ"",""U378U76S4"",""U84A3Q05B"",""U2XQ3JJAN"",""UU6K92DUR"",""UZ5125Y28"",""UH749DC04"",""UK4V3ON2O"",""U9YFOYM78""]","[{""name"": ""approved"", ""users"": [""U2XQ3JJAN"", ""U0KG42Q0P"", ""U3O3NUM10""], ""count"": 3}, {""name"": ""ty"", ""users"": [""U0GBC0N90"", ""U85PB3J63"", ""UWW10VL06"", ""UN0J0I7F0"", ""ULWL32B29"", ""UK4V3ON2O""], ""count"": 6}, {""name"": ""merged"", ""users"": [""U549234TU""], ""count"": 1}]",2025-06-27,2025-06-27 14:11:26,2025-06-27 14:51:19
706ae628-c4b0-4fa9-843d-6967efe80a45,UYJ494VWS,cats,47,26,"[""ULRS0HVJ3"",""UEZMYV74R"",""UB9LLF16J"",""UNNH8IW78"",""UH749DC04"",""U306GEBY8"",""UDC0ZA535"",""UHGL04640"",""U0GBC0N90"",""U84A3Q05B"",""UKA77QAYY"",""UL2989703"",""U2QXC4ZNG"",""UP9T7VJBF"",""USI1BH3K3"",""UK839UQ5R"",""U378U76S4"",""U7ZP08017"",""U168N7Y9G"",""UKVN1ZI1Z"",""U3U77Y17K"",""UEA8H90WN"",""U0KG42Q0P"",""UE0WA7608"",""U1FM88J9J"",""UWL5JX23M""]",[],2025-09-03,2025-09-03 21:53:51,2025-09-03 22:32:46
75801b2e-32cb-466a-bad0-090058878535,UEZMYV74R,general,40,1,"[""UEA8H90WN""]",[],2024-08-04,2024-08-04 01:30:12,2024-08-04 01:35:02
82e710eb-abbc-450c-b8a9-e341d5b063a7,UP9T7VJBF,engineering,46,27,"[""UWW10VL06"",""UOBK5OFZ0"",""US3QTX4Z1"",""UE83A3954"",""UV77JEL7Q"",""U5V38TNV1"",""U3TE14ET2"",""UYJ494VWS"",""UK839UQ5R"",""U549234TU"",""U24SJD0U3"",""UB51ZBPGJ"",""UYEP6YY91"",""U306GEBY8"",""UL9VWQ9S2"",""UY640917T"",""U85PB3J63"",""UIX8TSI0Y"",""UKA77QAYY"",""UC3Z15JC3"",""UK4V3ON2O"",""U2XQ3JJAN"",""UNC2V4ZD7"",""UNS22LGIY"",""UIDQ8QXI5"",""U4095YWYD"",""UB9LLF16J""]","[{""name"": ""white_check_mark"", ""users"": [""USI1BH3K3""], ""count"": 1}, {""name"": ""raised_hands"", ""users"": [""UNVWFC5Q1"", ""UO513ARUP""], ""count"": 2}, {""name"": ""this"", ""users"": [""ULWL32B29"", ""UB81I8027"", ""UL92954KA""], ""count"": 3}, {""name"": ""pray"", ""users"": [""UNNH8IW78""], ""count"": 1}, {""name"": ""approved"", ""users"": [""UF39WLXAT""], ""count"": 1}]",2024-10-10,2024-10-10 16:14:26,2024-10-10 16:51:11
c7e8bbd1-963b-41bc-a779-28ff01de9951,U7W96XW2A,engineering,37,15,"[""UA7M10C0O"",""U378U76S4"",""U0381889F"",""U0D6182AR"",""U2QXC4ZNG"",""U9YFOYM78"",""UP9T7VJBF"",""UG6UG9470"",""UH749DC04"",""UJ65P6F44"",""U34AX16M0"",""UIX8TSI0Y"",""UQY0NPYWN"",""U81OT695K"",""ULAN263E4""]","[{""name"": ""white_check_mark"", ""users"": [""UWW10VL06""], ""count"": 1}]",2024-10-05,2024-10-05 08:20:24,2024-10-05 08:49:53
014f9e25-e14c-4801-9e7e-fa965ce82ba7,UK839UQ5R,random,2,2,"[""U0EIW7DOX"",""U3HY0BS3W""]",[],2025-10-05,2025-10-05 09:08:23,2025-10-05 09:11:16
11027d43-a38e-48a8-b902-01046258efee,UL2989703,general,6,6,"[""UE83A3954"",""UH1039P7I"",""UK839UQ5R"",""U2XQ3JJAN"",""U8S28EIM6"",""UJ65P6F44""]",[],2025-04-16,2025-04-16 01:22:35,2025-04-16 01:38:38
21e0600e-1be7-4625-bb2d-2eb9d11df5eb,U8S28EIM6,engineering,36,20,"[""UC3Z15JC3"",""UK756E555"",""U7ZP08017"",""U96N45CL2"",""U5V38TNV1"",""UHGL04640"",""UA3IV9419"",""UFF1HYHJ2"",""U3GY5K9EQ"",""UR257U86O"",""UWW10VL06"",""UB9LLF16J"",""U4095YWYD"",""UWL5JX23M"",""UO513ARUP"",""U0D6182AR"",""U2XQ3JJAN"",""UL92954KA"",""U168N7Y9G"",""UPT27H737""]",[],2025-08-06,2025-08-06 09:17:05,2025-08-06 09:18:33
405ab74d-d3b8-4313-8ad2-566e9e801735,UIDQ8QXI5,cats,32,15,"[""U549234TU"",""UWL5JX23M"",""U2QXC4ZNG"",""U34AX16M0"",""U306GEBY8"",""UYJ494VWS"",""U0GBC0N90"",""UJ65P6F44"",""UE0WA7608"",""UV77JEL7Q"",""U3TE14ET2"",""UORS33I12"",""UYVM94HE1"",""UZ5125Y28"",""UH1039P7I""]","[{""name"": ""ty"", ""users"": [""U3GY5K9EQ"", ""U0D6182AR""], ""count"": 2}]",2024-11-02,2024-11-02 00:06:36,2024-11-02 00:16:32
4498e839-21e9-4ff0-ab5f-e4abbf443b37,UN979RN92,engineering,10,5,"[""UEA8H90WN"",""ULAN263E4"",""U24SJD0U3"",""UZ90K3JDW"",""U8S28EIM6""]","[{""name"": ""this"", ""users"": [""U0KG42Q0P"", ""ULRS0HVJ3"", ""UC3Z15JC3""], ""count"": 3}]",2024-06-01,2024-06-01 19:40:35,2024-06-01 20:35:20
46865cac-1fc7-4c1c-833a-d5e74ed30923,U34AX16M0,cats,12,1,"[""U378U76S4""]","[{""name"": ""raised_hands"", ""users"": [""U0381889F"", ""UEA8H90WN"", ""UHGL04640""], ""count"": 3}]",2025-05-22,2025-05-22 04:18:36,2025-05-22 04:37:35
5a8f1b95-fff4-452d-9e3f-140ea8ad6f23,UNC2V4ZD7,marketing,7,2,"[""UH749DC04"",""U08ITMEA6""]","[{""name"": ""pray"", ""users"": [""UL96240J4""], ""count"": 1}]",2025-05-04,2025-05-04 22:19:42,2025-05-04 23:17:28
73a985af-cb9f-452d-b546-9d701628785a,UC3Z15JC3,social,3,1,"[""UN0J0I7F0""]",[],2025-06-25,2025-06-25 07:09:48,2025-06-25 08:05:36
b4da2093-c04f-4f14-a04b-263557d710d8,UF39WLXAT,random,31,29,"[""UA7M10C0O"",""UIDQ8QXI5"",""U3U77Y17K"",""UB51ZBPGJ"",""U306GEBY8"",""U378U76S4"",""UY640917T"",""U6P582A60"",""U7W96XW2A"",""UZ5125Y28"",""UYVM94HE1"",""UB81I8027"",""ULWL32B29"",""UR257U86O"",""U2M260029"",""UOBK5OFZ0"",""U4095YWYD"",""UQSF747QR"",""UYJ494VWS"",""UE0WA7608"",""UK756E555"",""UHGL04640"",""UYEP6YY91"",""UIX8TSI0Y"",""UZ90K3JDW"",""U2QXC4ZNG"",""U9YFOYM78"",""UNY6WDI60"",""U8S28EIM6""]",[],2025-08-24,2025-08-24 01:08:42,2025-08-24 01:36:49
e5c9dc42-a8c5-4e22-a5ea-94e11f1f5585,UK4V3ON2O,random,15,8,"[""U8S28EIM6"",""UO513ARUP"",""UIX8TSI0Y"",""UE83A3954"",""UV4M04Y17"",""U168N7Y9G"",""UN979RN92"",""U6P582A60""]","[{""name"": ""white_check_mark"", ""users"": [""UL9VWQ9S2"", ""U168N7Y9G"", ""US3QTX4Z1"", ""ULWL32B29""], ""count"": 4}, {""name"": ""point_up"", ""users"": [""UH1039P7I"", ""U81OT695K""], ""count"": 2}, {""name"": ""ty"", ""users"": [""U3TE14ET2"", ""UK4V3ON2O"", ""UL96240J4""], ""count"": 3}]",2025-09-27,2025-09-27 14:57:47,2025-09-27 15:37:09
f6330165-5392-4d8f-b55d-29fea9466b53,UH749DC04,engineering,5,5,"[""UK839UQ5R"",""UG6UG9470"",""U549234TU"",""UU95TZPYP"",""UEZMYV74R""]",[],2025-04-21,2025-04-21 08:41:40,2025-04-21 09:32:27
111920bb-15fc-4e17-b34e-a95d01653950,U91Q0A72O,general,23,14,"[""UFUV7GPHM"",""UKVN1ZI1Z"",""UU6K92DUR"",""UL2989703"",""UA3IV9419"",""U549234TU"",""UWBXBIUB7"",""UOBK5OFZ0"",""ULWL32B29"",""U24SJD0U3"",""U0381889F"",""U0KG42Q0P"",""UH749DC04"",""UNY6WDI60""]","[{""name"": ""point_up"", ""users"": [""UB51ZBPGJ"", ""UU6K92DUR""], ""count"": 2}, {""name"": ""laugh"", ""users"": [""U7ZP08017""], ""count"": 1}, {""name"": ""this"", ""users"": [""UNC2V4ZD7"", ""UU6K92DUR"", ""UDC0ZA535""], ""count"": 3}]",2024-11-12,2024-11-12 19:33:38,2024-11-12 19:43:12
11f9259c-7f0d-4615-8d5a-6ad081c66939,UE83A3954,social,0,0,[],"[{""name"": ""ty"", ""users"": [""U08ITMEA6""], ""count"": 1}]",2025-03-31,2025-03-31 22:34:19,2025-03-31 22:39:54
229ce9a3-de3a-4630-8f1d-31e06b7fb7cc,UB81I8027,cats,8,7,"[""UN0J0I7F0"",""U0GBC0N90"",""U9E255NN9"",""UO513ARUP"",""UB81I8027"",""U96N45CL2"",""UR257U86O""]",[],2025-09-08,2025-09-08 06:37:18,2025-09-08 07:21:09
4ae55cea-9569-4b46-a189-0c4788964799,UORS33I12,marketing,32,17,"[""U7W96XW2A"",""UEA8H90WN"",""UNNH8IW78"",""UNS22LGIY"",""UN979RN92"",""UIDQ8QXI5"",""UY640917T"",""UU95TZPYP"",""UQSF747QR"",""UH749DC04"",""U3TE14ET2"",""UB81I8027"",""U549234TU"",""UNC2V4ZD7"",""U9E255NN9"",""UYEP6YY91"",""UV4M04Y17""]","[{""name"": ""laugh"", ""users"": [""UQY0NPYWN"", ""U3U77Y17K"", ""UK839UQ5R""], ""count"": 3}, {""name"": ""white_check_mark"", ""users"": [""U7PX1XVTE""], ""count"": 1}]",2025-05-18,2025-05-18 18:41:07,2025-05-18 18:49:48
67cb8c42-52dd-4fb0-b300-d9ff62a31b0c,U3HY0BS3W,random,2,2,"[""UU95TZPYP"",""U91Q0A72O""]",[],2024-07-17,2024-07-17 10:19:29,2024-07-17 10:55:53
70cc50ab-8ec5-43e6-b390-524903c9b9ff,UIX8TSI0Y,social,31,2,"[""U96N45CL2"",""UIX8TSI0Y""]","[{""name"": ""approved"", ""users"": [""UEA8H90WN"", ""UNY6WDI60"", ""UHGL04640"", ""UQSF747QR""], ""count"": 4}]",2024-08-26,2024-08-26 04:40:43,2024-08-26 05:40:30
8a976bf4-5da3-43f0-aba9-bb477afc727a,U4095YWYD,marketing,30,22,"[""USI1BH3K3"",""UNNH8IW78"",""UG6UG9470"",""U168N7Y9G"",""UCL2RJ89X"",""UQY0NPYWN"",""UN0J0I7F0"",""UU6K92DUR"",""UFF1HYHJ2"",""U24SJD0U3"",""U3O3NUM10"",""UEA8H90WN"",""UPT27H737"",""U34AX16M0"",""U0381889F"",""UL9VWQ9S2"",""UG6UG9470"",""U2M260029"",""UWBXBIUB7"",""UQY0NPYWN"",""UU6K92DUR"",""U24SJD0U3""]","[{""name"": ""raised_hands"", ""users"": [""USI1BH3K3""], ""count"": 1}, {""name"": ""approved"", ""users"": [""UIDQ8QXI5"", ""UQY0NPYWN"", ""U9YFOYM78""], ""count"": 3}]",2025-03-22,2025-03-22 02:08:18,2025-03-22 02:33:23
b66ee28d-433a-4ce5-97c9-7f4b93af8e81,UYVM94HE1,social,40,23,"[""UG6UG9470"",""U5V38TNV1"",""UHGL04640"",""UB51ZBPGJ"",""U24SJD0U3"",""U7ZP08017"",""UN0J0I7F0"",""UL2989703"",""U91Q0A72O"",""U0KG42Q0P"",""UE0WA7608"",""U34AX16M0"",""UC3Z15JC3"",""U3TE14ET2"",""UO513ARUP"",""UV77JEL7Q"",""U2QXC4ZNG"",""ULRS0HVJ3"",""UOBK5OFZ0"",""UFF1HYHJ2"",""UB81I8027"",""UNY6WDI60"",""UY640917T""]","[{""name"": ""laugh"", ""users"": [""UV77JEL7Q"", ""UNVWFC5Q1""], ""count"": 2}]",2025-06-06,2025-06-06 21:46:24,2025-06-06 22:30:14
04e2a485-d09e-43b7-ba6b-6d51c9872262,UDC0ZA535,social,48,44,"[""U3GY5K9EQ"",""U549234TU"",""UJ65P6F44"",""UK4V3ON2O"",""U96N45CL2"",""USI1BH3K3"",""UB81I8027"",""UNC2V4ZD7"",""UN979RN92"",""U168N7Y9G"",""UYVM94HE1"",""U81OT695K"",""U9E255NN9"",""U3HY0BS3W"",""U3TE14ET2"",""UHGL04640"",""U7W96XW2A"",""UL92954KA"",""UNY6WDI60"",""U34AX16M0"",""UWW10VL06"",""UDC0ZA535"",""U08ITMEA6"",""U0EIW7DOX"",""UP9T7VJBF"",""U2M260029"",""UV77JEL7Q"",""US3QTX4Z1"",""ULAN263E4"",""U0GBC0N90"",""UY640917T"",""UCL2RJ89X"",""U0381889F"",""U91Q0A72O"",""UIDQ8QXI5"",""UH1039P7I"",""U5V38TNV1"",""UL9VWQ9S2"",""UWW10VL06"",""UZ271WU40"",""UZ5125Y28"",""UU6K92DUR"",""U24SJD0U3"",""U2XQ3JJAN""]",[],2025-08-02,2025-08-02 08:18:12,2025-08-02 08:36:32
4dc66162-5aad-4d7f-9535-dcc2752b3296,UFF1HYHJ2,general,20,11,"[""U96N45CL2"",""UL96240J4"",""UWL5JX23M"",""U81OT695K"",""UNS22LGIY"",""U3TE14ET2"",""U0EIW7DOX"",""UB9LLF16J"",""U34AX16M0"",""UC3Z15JC3"",""UO513ARUP""]","[{""name"": ""laugh"", ""users"": [""UL92954KA""], ""count"": 1}, {""name"": ""point_up"", ""users"": [""UF39WLXAT"", ""U24SJD0U3"", ""U0GBC0N90"", ""UYJ494VWS""], ""count"": 4}, {""name"": ""white_check_mark"", ""users"": [""UFF1HYHJ2"", ""UC3Z15JC3"", ""U5V38TNV1"", ""UNY6WDI60""], ""count"": 4}]",2025-11-07,2025-11-07 18:40:55,2025-11-07 19:35:37
588f8ea0-bb97-49d0-9844-fd2261fec631,UR257U86O,random,7,5,"[""UZ271WU40"",""U0EIW7DOX"",""U306GEBY8"",""UWW10VL06"",""UA3IV9419""]","[{""name"": ""white_check_mark"", ""users"": [""UU95TZPYP"", ""U0GBC0N90"", ""UFUV7GPHM""], ""count"": 3}, {""name"": ""raised_hands"", ""users"": [""UN979RN92"", ""UKA77QAYY"", ""UU95TZPYP"", ""UP9T7VJBF"", ""UL92954KA""], ""count"": 5}, {""name"": ""approved"", ""users"": [""UB51ZBPGJ"", ""U3TE14ET2""], ""count"": 2}, {""name"": ""this"", ""users"": [""UH749DC04"", ""UNNH8IW78"", ""U34AX16M0"", ""ULAN263E4""], ""count"": 4}, {""name"": ""laugh"", ""users"": [""UEZMYV74R"", ""UDC0ZA535"", ""UC3Z15JC3"", ""ULWL32B29""], ""count"": 4}]",2024-08-01,2024-08-01 12:46:19,2024-08-01 13:06:07
72953848-057e-4fb7-815d-907819180cf0,UPT27H737,random,32,32,"[""UL92954KA"",""UB81I8027"",""UA3IV9419"",""UU6K92DUR"",""UDC0ZA535"",""UYJ494VWS"",""U168N7Y9G"",""UZ90K3JDW"",""U9E255NN9"",""UV4M04Y17"",""U8S28EIM6"",""UWL5JX23M"",""U3HY0BS3W"",""UL9VWQ9S2"",""UNVWFC5Q1"",""UNY6WDI60"",""U24SJD0U3"",""U7ZP08017"",""U4095YWYD"",""UH1039P7I"",""UO513ARUP"",""U84A3Q05B"",""UK4V3ON2O"",""UE83A3954"",""U3U77Y17K"",""UNNH8IW78"",""UWW10VL06"",""U0EIW7DOX"",""U306GEBY8"",""UOBK5OFZ0"",""U1FM88J9J"",""ULWL32B29""]","[{""name"": ""approved"", ""users"": [""UU95TZPYP"", ""UB51ZBPGJ"", ""UNS22LGIY"", ""UKA77QAYY""], ""count"": 4}, {""name"": ""white_check_mark"", ""users"": [""UV77JEL7Q"", ""U6P582A60""], ""count"": 2}, {""name"": ""point_up"", ""users"": [""UU95TZPYP""], ""count"": 1}]",2025-11-24,2025-11-24 14:50:39,2025-11-24 15:23:13
96270939-dfd6-4f4e-aa3b-1d09d7eed4a2,UA3IV9419,social,8,3,"[""UNS22LGIY"",""USI1BH3K3"",""UFUV7GPHM""]","[{""name"": ""pray"", ""users"": [""U9E255NN9"", ""UZ90K3JDW""], ""count"": 2}, {""name"": ""merged"", ""users"": [""U5V38TNV1""], ""count"": 1}, {""name"": ""approved"", ""users"": [""UV77JEL7Q"", ""ULWL32B29"", ""U08ITMEA6""], ""count"": 3}]",2024-10-31,2024-10-31 06:43:24,2024-10-31 07:17:41
a7e2d8d1-96f0-4b52-9628-579cb930be9a,UL92954KA,random,14,13,"[""U2M260029"",""U34AX16M0"",""UWL5JX23M"",""U5V38TNV1"",""UPT27H737"",""UA7M10C0O"",""UZ5125Y28"",""UF39WLXAT"",""U378U76S4"",""UYVM94HE1"",""U0381889F"",""UKA77QAYY"",""UE83A3954""]","[{""name"": ""laugh"", ""users"": [""U9YFOYM78"", ""UYEP6YY91"", ""U0D6182AR""], ""count"": 3}]",2024-06-07,2024-06-07 09:24:21,2024-06-07 09:58:18
f161521f-2172-4147-b816-380e3ac03c02,UKA77QAYY,social,2,2,"[""U9E255NN9"",""U85PB3J63""]","[{""name"": ""point_up"", ""users"": [""U3TE14ET2"", ""UG6UG9470"", ""UE0WA7608"", ""U91Q0A72O"", ""UJ65P6F44"", ""U378U76S4""], ""count"": 6}, {""name"": ""raised_hands"", ""users"": [""U7PX1XVTE""], ""count"": 1}, {""name"": ""approved"", ""users"": [""UFF1HYHJ2""], ""count"": 1}, {""name"": ""laugh"", ""users"": [""UN979RN92""], ""count"": 1}, {""name"": ""white_check_mark"", ""users"": [""U96N45CL2""], ""count"": 1}]",2025-07-15,2025-07-15 22:50:39,2025-07-15 23:03:39
2129be7e-e292-4d89-a864-f88bc6566e03,UA7M10C0O,marketing,42,6,"[""UEA8H90WN"",""U3TE14ET2"",""UH1039P7I"",""U549234TU"",""UL92954KA"",""UNNH8IW78""]","[{""name"": ""point_up"", ""users"": [""U306GEBY8""], ""count"": 1}, {""name"": ""this"", ""users"": [""UQSF747QR"", ""ULWL32B29""], ""count"": 2}, {""name"": ""white_check_mark"", ""users"": [""ULAN263E4"", ""UZ5125Y28""], ""count"": 2}]",2025-08-24,2025-08-24 16:50:23,2025-08-24 17:35:26
8b030ce5-e2a7-49fb-9eac-1e4ec76e5e89,UZ5125Y28,marketing,26,16,"[""U1FM88J9J"",""UNS22LGIY"",""U3U77Y17K"",""UU95TZPYP"",""UOBK5OFZ0"",""U7ZP08017"",""UQY0NPYWN"",""UO513ARUP"",""U7PX1XVTE"",""UB9LLF16J"",""UK839UQ5R"",""U84A3Q05B"",""ULWL32B29"",""UL2989703"",""UKA77QAYY"",""UEZMYV74R""]","[{""name"": ""approved"", ""users"": [""UJ65P6F44"", ""U378U76S4""], ""count"": 2}]",2024-11-09,2024-11-09 03:50:11,2024-11-09 04:40:18
93550d27-d6cc-4178-9b02-fd7fa5f5a4eb,UO513ARUP,cats,25,5,"[""U7PX1XVTE"",""UL9VWQ9S2"",""UEA8H90WN"",""UIDQ8QXI5"",""UHGL04640""]","[{""name"": ""white_check_mark"", ""users"": [""UDC0ZA535"", ""UK4V3ON2O""], ""count"": 2}, {""name"": ""pray"", ""users"": [""UNC2V4ZD7"", ""UWL5JX23M"", ""U6P582A60"", ""ULWL32B29""], ""count"": 4}, {""name"": ""ty"", ""users"": [""UYEP6YY91""], ""count"": 1}]",2025-11-23,2025-11-23 16:03:01,2025-11-23 16:30:43
b3c1fe8a-f26d-47d0-ae53-1ad370039f7d,UOBK5OFZ0,general,8,2,"[""U6P582A60"",""UFUV7GPHM""]","[{""name"": ""merged"", ""users"": [""U7W96XW2A""], ""count"": 1}, {""name"": ""ty"", ""users"": [""U3U77Y17K"", ""U7PX1XVTE"", ""UNVWFC5Q1""], ""count"": 3}, {""name"": ""approved"", ""users"": [""UWL5JX23M""], ""count"": 1}]",2024-12-09,2024-12-09 12:51:57,2024-12-09 13:18:07
d665dd36-3f6f-479f-a51e-5a19ba0c289c,U9E255NN9,marketing,30,5,"[""U9E255NN9"",""UNY6WDI60"",""U7W96XW2A"",""UO513ARUP"",""U9YFOYM78""]",[],2025-01-12,2025-01-12 12:57:45,2025-01-12 13:30:35
e198bc86-34ba-469e-9ccf-df56c074264d,UNS22LGIY,random,41,29,"[""UY640917T"",""UR257U86O"",""U0GBC0N90"",""UEZMYV74R"",""UEA8H90WN"",""UFF1HYHJ2"",""UYEP6YY91"",""U24SJD0U3"",""U306GEBY8"",""UWW10VL06"",""U0381889F"",""U0EIW7DOX"",""UG6UG9470"",""U0D6182AR"",""UNNH8IW78"",""U0KG42Q0P"",""U7ZP08017"",""UK756E555"",""U2QXC4ZNG"",""U3U77Y17K"",""ULAN263E4"",""UNC2V4ZD7"",""U3GY5K9EQ"",""UB51ZBPGJ"",""U84A3Q05B"",""UN979RN92"",""UKA77QAYY"",""UN0J0I7F0"",""U8S28EIM6""]",[],2024-08-09,2024-08-09 23:01:36,2024-08-09 23:49:06
eaa27c26-5137-421b-81c0-e007d48dac32,UB9LLF16J,random,50,25,"[""UKA77QAYY"",""UN0J0I7F0"",""UHGL04640"",""UK4V3ON2O"",""UNNH8IW78"",""UWBXBIUB7"",""UFUV7GPHM"",""UO513ARUP"",""UZ90K3JDW"",""ULRS0HVJ3"",""UE0WA7608"",""UQSF747QR"",""U3TE14ET2"",""UQY0NPYWN"",""UK839UQ5R"",""UKVN1ZI1Z"",""U2XQ3JJAN"",""U91Q0A72O"",""UA3IV9419"",""UU95TZPYP"",""UB9LLF16J"",""U9E255NN9"",""U0GBC0N90"",""UU6K92DUR"",""UB81I8027""]",[],2024-06-30,2024-06-30 10:55:30,2024-06-30 11:38:23
28fe4cce-494e-4fb2-b240-5e95c32431b7,U24SJD0U3,social,42,26,"[""UL92954KA"",""UL96240J4"",""UK839UQ5R"",""U4095YWYD"",""U6P582A60"",""U0D6182AR"",""U6P582A60"",""U0KG42Q0P"",""U0381889F"",""U85PB3J63"",""U3O3NUM10"",""UIDQ8QXI5"",""U378U76S4"",""UDC0ZA535"",""UQY0NPYWN"",""UB81I8027"",""UA3IV9419"",""UE83A3954"",""U34AX16M0"",""U2M260029"",""UU95TZPYP"",""U96N45CL2"",""ULWL32B29"",""UH749DC04"",""UWBXBIUB7"",""UK839UQ5R""]",[],2025-06-16,2025-06-16 13:16:14,2025-06-16 13:25:13
45e93938-a05d-4f50-b7bc-bd9c7e17b75a,U3GY5K9EQ,general,19,12,"[""UPT27H737"",""U0KG42Q0P"",""UYVM94HE1"",""UE0WA7608"",""USI1BH3K3"",""ULRS0HVJ3"",""UV4M04Y17"",""U7PX1XVTE"",""UWW10VL06"",""U5V38TNV1"",""U3GY5K9EQ"",""UR257U86O""]","[{""name"": ""raised_hands"", ""users"": [""U0D6182AR""], ""count"": 1}, {""name"": ""approved"", ""users"": [""UNNH8IW78""], ""count"": 1}]",2025-06-20,2025-06-20 06:16:45,2025-06-20 06:29:30
4ac881c4-5c68-46ef-8201-2f8724fef37e,UYEP6YY91,random,34,7,"[""UL2989703"",""UL92954KA"",""UZ5125Y28"",""UQSF747QR"",""UEZMYV74R"",""UQY0NPYWN"",""U2XQ3JJAN""]",[],2025-04-23,2025-04-23 21:29:00,2025-04-23 21:40:46
50eef032-ccc1-4e41-927d-14fbb20cf7bc,U08ITMEA6,engineering,48,34,"[""U3O3NUM10"",""U2M260029"",""UYVM94HE1"",""U34AX16M0"",""U3GY5K9EQ"",""U3TE14ET2"",""ULWL32B29"",""UN979RN92"",""UR257U86O"",""ULAN263E4"",""UU95TZPYP"",""UNS22LGIY"",""UA7M10C0O"",""UQY0NPYWN"",""U96N45CL2"",""ULRS0HVJ3"",""U6P582A60"",""UC3Z15JC3"",""UDC0ZA535"",""UQY0NPYWN"",""U0KG42Q0P"",""UU6K92DUR"",""UO513ARUP"",""UB51ZBPGJ"",""UIX8TSI0Y"",""U24SJD0U3"",""UB9LLF16J"",""U84A3Q05B"",""UN0J0I7F0"",""UL9VWQ9S2"",""UL96240J4"",""U7PX1XVTE"",""UCL2RJ89X"",""U3HY0BS3W""]",[],2024-07-06,2024-07-06 02:58:41,2024-07-06 03:39:50
5ef426fa-c2f7-42f4-b775-3b12aafe6f65,U81OT695K,cats,40,1,"[""UY640917T""]","[{""name"": ""approved"", ""users"": [""U306GEBY8""], ""count"": 1}, {""name"": ""point_up"", ""users"": [""U8S28EIM6""], ""count"": 1}, {""name"": ""ty"", ""users"": [""UF39WLXAT"", ""UG6UG9470"", ""UWW10VL06"", ""U2XQ3JJAN"", ""UK839UQ5R""], ""count"": 5}, {""name"": ""raised_hands"", ""users"": [""UEZMYV74R""], ""count"": 1}]",2024-09-12,2024-09-12 02:30:24,2024-09-12 03:21:48
79331106-3513-4a98-974b-a41f7d51aa64,U168N7Y9G,cats,47,10,"[""U4095YWYD"",""U3GY5K9EQ"",""UZ90K3JDW"",""UC3Z15JC3"",""U81OT695K"",""ULAN263E4"",""UZ271WU40"",""UWW10VL06"",""U0381889F"",""U96N45CL2""]","[{""name"": ""ty"", ""users"": [""UB81I8027""], ""count"": 1}]",2024-09-21,2024-09-21 04:18:36,2024-09-21 05:00:50
b3176fde-c40a-4c48-9a3a-518c258a00b1,U2XQ3JJAN,random,3,3,"[""U2M260029"",""U2QXC4ZNG"",""U08ITMEA6""]",[],2024-10-13,2024-10-13 01:09:14,2024-10-13 01:25:14
b4047ddd-c815-426c-8fb1-ecb569d21eac,U5V38TNV1,general,29,22,"[""UJ65P6F44"",""U91Q0A72O"",""U168N7Y9G"",""U3U77Y17K"",""UG6UG9470"",""U7ZP08017"",""US3QTX4Z1"",""UEZMYV74R"",""U1FM88J9J"",""U9YFOYM78"",""U08ITMEA6"",""UK839UQ5R"",""U9E255NN9"",""UWBXBIUB7"",""UFF1HYHJ2"",""UQY0NPYWN"",""UNVWFC5Q1"",""UL96240J4"",""U85PB3J63"",""U0EIW7DOX"",""U7W96XW2A"",""UNY6WDI60""]",[],2025-10-20,2025-10-20 19:29:24,2025-10-20 19:36:03
bfaf931c-2c2e-4d6e-a39a-d05ca2e5e1db,U3O3NUM10,random,10,1,"[""ULRS0HVJ3""]",[],2025-04-20,2025-04-20 06:56:08,2025-04-20 07:01:09
c6cb13e9-e2f2-4cf4-9de4-b9ab30d7ebec,U549234TU,general,46,29,"[""U3O3NUM10"",""UE0WA7608"",""UB51ZBPGJ"",""USI1BH3K3"",""U3TE14ET2"",""UN979RN92"",""ULAN263E4"",""U1FM88J9J"",""UNNH8IW78"",""U306GEBY8"",""UL2989703"",""UH1039P7I"",""U378U76S4"",""U6P582A60"",""ULWL32B29"",""UL96240J4"",""UYVM94HE1"",""UNVWFC5Q1"",""UA7M10C0O"",""U81OT695K"",""U0KG42Q0P"",""UKA77QAYY"",""UV4M04Y17"",""UZ5125Y28"",""UY640917T"",""UK839UQ5R"",""U7PX1XVTE"",""U9YFOYM78"",""UZ271WU40""]","[{""name"": ""white_check_mark"", ""users"": [""U6P582A60""], ""count"": 1}, {""name"": ""merged"", ""users"": [""ULWL32B29""], ""count"": 1}]",2025-01-15,2025-01-15 06:38:18,2025-01-15 07:30:26
fea26ca6-71f8-4295-b2cb-82b3a9cd3b3e,UZ90K3JDW,engineering,10,7,"[""UR257U86O"",""U2M260029"",""UZ5125Y28"",""U3TE14ET2"",""UFF1HYHJ2"",""UK839UQ5R"",""U7W96XW2A""]",[],2025-06-17,2025-06-17 08:12:44,2025-06-17 08:35:22
5d67b916-ebc3-4bf3-b770-ec30742e6f95,U0GBC0N90,random,5,5,"[""UZ271WU40"",""UFUV7GPHM"",""U5V38TNV1"",""UWBXBIUB7"",""UNVWFC5Q1""]",[],2024-09-20,2024-09-20 03:32:03,2024-09-20 03:36:59
670e63f6-61ca-4992-ad30-4bcfb09a8063,UQSF747QR,cats,43,40,"[""UNS22LGIY"",""U6P582A60"",""UN0J0I7F0"",""UFUV7GPHM"",""U3GY5K9EQ"",""U7PX1XVTE"",""UPT27H737"",""UYVM94HE1"",""UF39WLXAT"",""U549234TU"",""UL96240J4"",""UB9LLF16J"",""ULRS0HVJ3"",""U08ITMEA6"",""UORS33I12"",""U3O3NUM10"",""UC3Z15JC3"",""US3QTX4Z1"",""UU95TZPYP"",""UY640917T"",""U0GBC0N90"",""UV77JEL7Q"",""U85PB3J63"",""U5V38TNV1"",""UB51ZBPGJ"",""U91Q0A72O"",""UWBXBIUB7"",""UEA8H90WN"",""UHGL04640"",""U96N45CL2"",""UNC2V4ZD7"",""UIDQ8QXI5"",""UEZMYV74R"",""UK756E555"",""UQSF747QR"",""USI1BH3K3"",""UYEP6YY91"",""UZ271WU40"",""UKVN1ZI1Z"",""UN979RN92""]","[{""name"": ""this"", ""users"": [""UH749DC04""], ""count"": 1}]",2025-05-26,2025-05-26 09:23:19,2025-05-26 09:48:23
70ce3e6e-32b3-4f8c-b045-5f9635815b57,UU95TZPYP,random,25,25,"[""UE0WA7608"",""UORS33I12"",""UYJ494VWS"",""UZ271WU40"",""U1FM88J9J"",""U85PB3J63"",""U306GEBY8"",""UC3Z15JC3"",""U24SJD0U3"",""UL96240J4"",""UNNH8IW78"",""U9YFOYM78"",""UYEP6YY91"",""UE83A3954"",""U3O3NUM10"",""UH749DC04"",""UU6K92DUR"",""UK756E555"",""UEA8H90WN"",""UQSF747QR"",""U2QXC4ZNG"",""UV4M04Y17"",""UIX8TSI0Y"",""UB51ZBPGJ"",""UA7M10C0O""]",[],2025-11-11,2025-11-11 17:14:05,2025-11-11 17:42:06
761e17a6-3315-4e76-bcd7-d42b4dcc1e68,UU6K92DUR,random,20,19,"[""U6P582A60"",""U84A3Q05B"",""UCL2RJ89X"",""UIX8TSI0Y"",""UR257U86O"",""UL92954KA"",""UL9VWQ9S2"",""U34AX16M0"",""U0EIW7DOX"",""U2QXC4ZNG"",""U85PB3J63"",""U96N45CL2"",""U168N7Y9G"",""UC3Z15JC3"",""UNC2V4ZD7"",""UYEP6YY91"",""UL96240J4"",""U8S28EIM6"",""UV4M04Y17""]",[],2025-03-06,2025-03-06 22:36:32,2025-03-06 23:01:05
d53106e0-cd77-42fb-a7c7-db856f230ba3,U1FM88J9J,random,48,8,"[""UA3IV9419"",""ULAN263E4"",""U85PB3J63"",""U08ITMEA6"",""UL2989703"",""UL9VWQ9S2"",""U3HY0BS3W"",""U0381889F""]",[],2025-03-06,2025-03-06 11:36:31,2025-03-06 12:01:49
d5df53e3-a313-4a16-bd5c-0eed89db139e,UE0WA7608,engineering,32,17,"[""U2M260029"",""UYEP6YY91"",""UNC2V4ZD7"",""UFUV7GPHM"",""UA3IV9419"",""U84A3Q05B"",""UPT27H737"",""UL2989703"",""U1FM88J9J"",""UNNH8IW78"",""UA7M10C0O"",""UNS22LGIY"",""U3U77Y17K"",""UF39WLXAT"",""U0D6182AR"",""ULRS0HVJ3"",""UN0J0I7F0""]",[],2025-02-28,2025-02-28 14:59:59,2025-02-28 15:48:49
f0f60d68-d642-4b54-86d7-79ff659cceb1,U0KG42Q0P,cats,28,17,"[""UU95TZPYP"",""UNVWFC5Q1"",""U7ZP08017"",""UDC0ZA535"",""ULRS0HVJ3"",""UV4M04Y17"",""USI1BH3K3"",""UB81I8027"",""U0EIW7DOX"",""UKVN1ZI1Z"",""U0KG42Q0P"",""UF39WLXAT"",""U7PX1XVTE"",""UZ271WU40"",""UHGL04640"",""UFF1HYHJ2"",""UP9T7VJBF""]","[{""name"": ""merged"", ""users"": [""UF39WLXAT""], ""count"": 1}, {""name"": ""pray"", ""users"": [""UN0J0I7F0""], ""count"": 1}, {""name"": ""this"", ""users"": [""ULWL32B29"", ""U0EIW7DOX""], ""count"": 2}, {""name"": ""ty"", ""users"": [""UFF1HYHJ2""], ""count"": 1}]",2024-08-17,2024-08-17 22:10:57,2024-08-17 22:58:56
07941fc7-cd12-4361-827b-537c86f528a2,U7PX1XVTE,engineering,18,15,"[""UH1039P7I"",""UA3IV9419"",""U3O3NUM10"",""UH749DC04"",""UA7M10C0O"",""UWBXBIUB7"",""UJ65P6F44"",""UK756E555"",""UYVM94HE1"",""U9E255NN9"",""UN0J0I7F0"",""U0GBC0N90"",""U9YFOYM78"",""UNY6WDI60"",""U81OT695K""]","[{""name"": ""laugh"", ""users"": [""UCL2RJ89X"", ""U0GBC0N90""], ""count"": 2}, {""name"": ""point_up"", ""users"": [""UWL5JX23M""], ""count"": 1}]",2025-11-12,2025-11-12 17:54:45,2025-11-12 18:47:58
513adecc-41a0-4f3c-93e4-dde57aca0482,ULAN263E4,random,22,1,"[""UPT27H737""]","[{""name"": ""laugh"", ""users"": [""ULAN263E4""], ""count"": 1}]",2025-06-18,2025-06-18 01:05:33,2025-06-18 01:28:17
721003d8-86f6-4f9e-acc0-1fa645689152,U3TE14ET2,random,38,25,"[""UORS33I12"",""USI1BH3K3"",""UL2989703"",""UV77JEL7Q"",""UP9T7VJBF"",""UR257U86O"",""UFF1HYHJ2"",""U81OT695K"",""UL92954KA"",""UOBK5OFZ0"",""UYJ494VWS"",""UK756E555"",""U4095YWYD"",""U85PB3J63"",""UK4V3ON2O"",""UZ90K3JDW"",""U3O3NUM10"",""UNY6WDI60"",""UH1039P7I"",""U3GY5K9EQ"",""UNVWFC5Q1"",""U0GBC0N90"",""U96N45CL2"",""UHGL04640"",""UKVN1ZI1Z""]","[{""name"": ""point_up"", ""users"": [""U3HY0BS3W""], ""count"": 1}, {""name"": ""ty"", ""users"": [""UU95TZPYP""], ""count"": 1}, {""name"": ""merged"", ""users"": [""UYVM94HE1""], ""count"": 1}, {""name"": ""raised_hands"", ""users"": [""U34AX16M0"", ""UDC0ZA535"", ""U5V38TNV1"", ""U3GY5K9EQ"", ""U81OT695K"", ""UN979RN92""], ""count"": 6}, {""name"": ""pray"", ""users"": [""U2QXC4ZNG"", ""UOBK5OFZ0""], ""count"": 2}, {""name"": ""approved"", ""users"": [""U6P582A60"", ""U3GY5K9EQ"", ""UL92954KA"", ""U8S28EIM6"", ""UNY6WDI60""], ""count"": 5}, {""name"": ""laugh"", ""users"": [""U2M260029"", ""UZ271WU40"", ""UPT27H737""], ""count"": 3}]",2024-11-24,2024-11-24 23:22:50,2024-11-24 23:43:10
cef7a291-a9b2-472d-9759-55ec60cf2fd9,UH1039P7I,marketing,25,16,"[""U549234TU"",""U96N45CL2"",""UU95TZPYP"",""US3QTX4Z1"",""UA3IV9419"",""UK756E555"",""U4095YWYD"",""ULRS0HVJ3"",""UA7M10C0O"",""US3QTX4Z1"",""UOBK5OFZ0"",""UB9LLF16J"",""U9E255NN9"",""UK4V3ON2O"",""U2M260029"",""U6P582A60""]","[{""name"": ""merged"", ""users"": [""UK4V3ON2O"", ""U3U77Y17K"", ""UJ65P6F44"", ""UP9T7VJBF"", ""UB9LLF16J"", ""UB51ZBPGJ"", ""U85PB3J63"", ""U378U76S4"", ""UWW10VL06"", ""U0381889F""], ""count"": 10}, {""name"": ""this"", ""users"": [""UB51ZBPGJ"", ""U24SJD0U3"", ""U2QXC4ZNG"", ""U85PB3J63"", ""U0381889F""], ""count"": 5}]",2025-06-02,2025-06-02 00:37:14,2025-06-02 01:06:06
cefb9a1f-57f5-48d5-b9d8-954bf9902fb5,UV77JEL7Q,general,36,27,"[""UK756E555"",""UB9LLF16J"",""UKA77QAYY"",""ULWL32B29"",""UB81I8027"",""UU6K92DUR"",""U7ZP08017"",""U24SJD0U3"",""UOBK5OFZ0"",""UG6UG9470"",""U0KG42Q0P"",""UL92954KA"",""UDC0ZA535"",""UK4V3ON2O"",""U378U76S4"",""UKVN1ZI1Z"",""UR257U86O"",""UQSF747QR"",""UCL2RJ89X"",""USI1BH3K3"",""U9YFOYM78"",""UP9T7VJBF"",""UEZMYV74R"",""U3HY0BS3W"",""US3QTX4Z1"",""U2XQ3JJAN"",""U5V38TNV1""]","[{""name"": ""point_up"", ""users"": [""U7ZP08017"", ""UK4V3ON2O"", ""UL92954KA""], ""count"": 3}, {""name"": ""laugh"", ""users"": [""U1FM88J9J""], ""count"": 1}]",2025-03-25,2025-03-25 19:01:28,2025-03-25 19:17:54
01e55e63-6a59-4eff-986b-1616852738cf,UNNH8IW78,random,34,22,"[""U3GY5K9EQ"",""UR257U86O"",""U5V38TNV1"",""UORS33I12"",""UKA77QAYY"",""UNY6WDI60"",""U7ZP08017"",""UNC2V4ZD7"",""UU6K92DUR"",""U7PX1XVTE"",""UV4M04Y17"",""UYVM94HE1"",""UWL5JX23M"",""ULAN263E4"",""U3U77Y17K"",""UP9T7VJBF"",""UF39WLXAT"",""UHGL04640"",""UQSF747QR"",""U2XQ3JJAN"",""UFUV7GPHM"",""USI1BH3K3""]","[{""name"": ""merged"", ""users"": [""UORS33I12""], ""count"": 1}, {""name"": ""ty"", ""users"": [""U96N45CL2"", ""UC3Z15JC3"", ""UA7M10C0O"", ""UG6UG9470"", ""UPT27H737""], ""count"": 5}]",2025-06-24,2025-06-24 11:09:16,2025-06-24 11:57:04
991ce120-042d-4250-b20b-45a39be111ff,UG6UG9470,general,37,2,"[""UH1039P7I"",""UR257U86O""]","[{""name"": ""point_up"", ""users"": [""U81OT695K"", ""U85PB3J63""], ""count"": 2}, {""name"": ""approved"", ""users"": [""ULWL32B29"", ""U81OT695K"", ""UNY6WDI60"", ""UQSF747QR"", ""UEZMYV74R"", ""U0EIW7DOX"", ""U378U76S4""], ""count"": 7}]",2024-09-19,2024-09-19 00:46:03,2024-09-19 01:33:30
f31572b0-daff-42b0-a63e-117b9d61e343,USI1BH3K3,cats,6,3,"[""UFF1HYHJ2"",""UF39WLXAT"",""UB9LLF16J""]","[{""name"": ""this"", ""users"": [""U3TE14ET2"", ""UORS33I12""], ""count"": 2}]",2024-09-18,2024-09-18 03:33:32,2024-09-18 03:48:32
fdc1b04b-270e-4ed4-bdda-011502e478e8,U2QXC4ZNG,social,9,9,"[""U0D6182AR"",""UFUV7GPHM"",""U2XQ3JJAN"",""UE0WA7608"",""U8S28EIM6"",""ULWL32B29"",""U2QXC4ZNG"",""ULAN263E4"",""UWBXBIUB7""]","[{""name"": ""pray"", ""users"": [""U0EIW7DOX""], ""count"": 1}]",2025-05-10,2025-05-10 12:16:31,2025-05-10 12:29:29
1a1f21bf-d5d8-45c2-9a0f-a10d8adb6955,UK756E555,random,36,22,"[""UYVM94HE1"",""UJ65P6F44"",""UF39WLXAT"",""UO513ARUP"",""U1FM88J9J"",""UV4M04Y17"",""UQY0NPYWN"",""UU95TZPYP"",""U7W96XW2A"",""U81OT695K"",""UCL2RJ89X"",""U5V38TNV1"",""UH749DC04"",""UL9VWQ9S2"",""UC3Z15JC3"",""UIDQ8QXI5"",""UH1039P7I"",""U3TE14ET2"",""UE83A3954"",""U168N7Y9G"",""UYJ494VWS"",""UE0WA7608""]","[{""name"": ""laugh"", ""users"": [""UNS22LGIY""], ""count"": 1}]",2024-12-21,2024-12-21 16:16:59,2024-12-21 17:13:09
66e856cf-5347-451b-95e8-3ca4709d1a55,UEA8H90WN,marketing,20,15,"[""UZ271WU40"",""U306GEBY8"",""U2M260029"",""U9YFOYM78"",""UZ5125Y28"",""UK4V3ON2O"",""U3GY5K9EQ"",""UIX8TSI0Y"",""U3U77Y17K"",""UA7M10C0O"",""UDC0ZA535"",""UNVWFC5Q1"",""ULAN263E4"",""UP9T7VJBF"",""UIDQ8QXI5""]","[{""name"": ""approved"", ""users"": [""UK756E555"", ""US3QTX4Z1""], ""count"": 2}, {""name"": ""this"", ""users"": [""UN979RN92"", ""UFUV7GPHM""], ""count"": 2}, {""name"": ""ty"", ""users"": [""U7PX1XVTE"", ""UEA8H90WN""], ""count"": 2}]",2025-03-10,2025-03-10 01:35:40,2025-03-10 02:12:25
9119a272-e70d-4018-b3f6-01f142a90382,UWW10VL06,cats,4,1,"[""U3O3NUM10""]","[{""name"": ""laugh"", ""users"": [""U8S28EIM6"", ""U4095YWYD"", ""UC3Z15JC3""], ""count"": 3}, {""name"": ""merged"", ""users"": [""UL92954KA"", ""UZ271WU40"", ""UWW10VL06"", ""UL2989703"", ""UWBXBIUB7""], ""count"": 5}]",2025-05-03,2025-05-03 04:36:45,2025-05-03 05:08:47
a6ed2ed5-9aa9-46b2-ae13-a16b82c6e210,U378U76S4,general,33,10,"[""U3HY0BS3W"",""U08ITMEA6"",""UU6K92DUR"",""UZ90K3JDW"",""UORS33I12"",""UB9LLF16J"",""U84A3Q05B"",""U7W96XW2A"",""UL96240J4"",""U0GBC0N90""]",[],2025-07-15,2025-07-15 22:19:57,2025-07-15 23:00:08
bf98352a-8858-47db-9ec1-b350bdcefed6,U0D6182AR,marketing,31,15,"[""U7ZP08017"",""UHGL04640"",""UKVN1ZI1Z"",""UP9T7VJBF"",""UKA77QAYY"",""UN979RN92"",""UA7M10C0O"",""UO513ARUP"",""U85PB3J63"",""U549234TU"",""U3HY0BS3W"",""UQSF747QR"",""UWL5JX23M"",""UZ271WU40"",""UL9VWQ9S2""]",[],2025-03-26,2025-03-26 16:17:23,2025-03-26 16:58:59
ebbf0a43-42cd-4a9b-89e3-0daeec467c3f,U9YFOYM78,engineering,11,11,"[""UORS33I12"",""UYEP6YY91"",""U91Q0A72O"",""UIX8TSI0Y"",""UCL2RJ89X"",""UL9VWQ9S2"",""U7PX1XVTE"",""UQSF747QR"",""UNNH8IW78"",""UYEP6YY91"",""UCL2RJ89X""]","[{""name"": ""approved"", ""users"": [""U8S28EIM6"", ""U3HY0BS3W""], ""count"": 2}, {""name"": ""merged"", ""users"": [""UV4M04Y17"", ""U3O3NUM10"", ""UU95TZPYP""], ""count"": 3}, {""name"": ""ty"", ""users"": [""U91Q0A72O""], ""count"": 1}]",2024-10-17,2024-10-17 00:35:16,2024-10-17 01:23:08
0001c749-9164-4aea-af98-33890cde2398,UWBXBIUB7,engineering,6,4,"[""UEZMYV74R"",""UPT27H737"",""U7ZP08017"",""UB51ZBPGJ""]",[],2024-11-16,2024-11-16 05:56:07,2024-11-16 05:58:50
4ce8dd5d-6fb2-48c7-97bc-6e31427d5d3e,UV4M04Y17,engineering,7,2,"[""ULWL32B29"",""UB81I8027""]",[],2024-07-22,2024-07-22 14:24:08,2024-07-22 15:16:10
d019018a-23c6-4463-951c-6233af8768ee,UWL5JX23M,engineering,49,9,"[""UZ90K3JDW"",""UNVWFC5Q1"",""UFF1HYHJ2"",""US3QTX4Z1"",""UPT27H737"",""U9YFOYM78"",""U24SJD0U3"",""UN979RN92"",""U1FM88J9J""]","[{""name"": ""pray"", ""users"": [""U9E255NN9""], ""count"": 1}]",2025-09-24,2025-09-24 12:14:38,2025-09-24 13:11:35
238f8b0d-83db-4de8-82e0-8fda585a7ec2,UHGL04640,general,12,7,"[""UIDQ8QXI5"",""U549234TU"",""UNY6WDI60"",""U2QXC4ZNG"",""U8S28EIM6"",""U7W96XW2A"",""UFUV7GPHM""]",[],2025-04-17,2025-04-17 19:32:03,2025-04-17 19:58:55
6f4ae718-5b33-4ba7-83b1-e259826bf8ff,U85PB3J63,random,46,14,"[""U168N7Y9G"",""UORS33I12"",""U7W96XW2A"",""U3GY5K9EQ"",""U3HY0BS3W"",""UCL2RJ89X"",""U91Q0A72O"",""U1FM88J9J"",""U34AX16M0"",""U378U76S4"",""U96N45CL2"",""UWL5JX23M"",""UE0WA7608"",""ULAN263E4""]",[],2024-08-14,2024-08-14 07:13:48,2024-08-14 07:20:08
9b545a72-f1bf-46f8-a150-1270a7f21fa0,U7ZP08017,random,36,11,"[""U81OT695K"",""U85PB3J63"",""U08ITMEA6"",""U8S28EIM6"",""UYJ494VWS"",""UF39WLXAT"",""UC3Z15JC3"",""UB81I8027"",""UB51ZBPGJ"",""UNVWFC5Q1"",""UJ65P6F44""]","[{""name"": ""raised_hands"", ""users"": [""UF39WLXAT"", ""UYVM94HE1""], ""count"": 2}, {""name"": ""ty"", ""users"": [""U84A3Q05B""], ""count"": 1}, {""name"": ""pray"", ""users"": [""U0381889F"", ""UFF1HYHJ2""], ""count"": 2}]",2025-06-08,2025-06-08 09:26:21,2025-06-08 10:09:45
bcfe8578-8ec5-4076-9ebe-28528365a262,USI1BH3K3,social,24,21,"[""U9E255NN9"",""UORS33I12"",""UKA77QAYY"",""UE83A3954"",""UDC0ZA535"",""UKVN1ZI1Z"",""UK839UQ5R"",""UF39WLXAT"",""UJ65P6F44"",""UN979RN92"",""UH749DC04"",""UU95TZPYP"",""UK4V3ON2O"",""U0KG42Q0P"",""US3QTX4Z1"",""U7PX1XVTE"",""U1FM88J9J"",""UL92954KA"",""U2XQ3JJAN"",""U549234TU"",""U7ZP08017""]","[{""name"": ""merged"", ""users"": [""UN979RN92"", ""U1FM88J9J"", ""UO513ARUP"", ""U0D6182AR""], ""count"": 4}]",2024-11-23,2024-11-23 01:38:43,2024-11-23 02:25:17
deba6c3d-b7b8-43d0-bbfc-742c815d9975,U3U77Y17K,general,44,2,"[""UY640917T"",""UQSF747QR""]","[{""name"": ""approved"", ""users"": [""U2XQ3JJAN""], ""count"": 1}, {""name"": ""raised_hands"", ""users"": [""U0381889F"", ""UNC2V4ZD7""], ""count"": 2}, {""name"": ""white_check_mark"", ""users"": [""UB9LLF16J"", ""U0381889F"", ""UNNH8IW78""], ""count"": 3}, {""name"": ""this"", ""users"": [""UY640917T"", ""UYEP6YY91"", ""U4095YWYD""], ""count"": 3}, {""name"": ""pray"", ""users"": [""U0381889F""], ""count"": 1}, {""name"": ""point_up"", ""users"": [""UR257U86O""], ""count"": 1}, {""name"": ""laugh"", ""users"": [""ULAN263E4""], ""count"": 1}]",2024-06-18,2024-06-18 17:01:12,2024-06-18 17:47:48
e7860277-4eed-47f3-8425-58a7d36aad8f,UN0J0I7F0,cats,34,31,"[""U3U77Y17K"",""U549234TU"",""UF39WLXAT"",""ULAN263E4"",""UV77JEL7Q"",""UWL5JX23M"",""UNS22LGIY"",""US3QTX4Z1"",""U3GY5K9EQ"",""UK756E555"",""UORS33I12"",""UNVWFC5Q1"",""UYVM94HE1"",""U08ITMEA6"",""U3HY0BS3W"",""UE83A3954"",""U0D6182AR"",""UY640917T"",""UZ5125Y28"",""UG6UG9470"",""UH1039P7I"",""UIDQ8QXI5"",""UYJ494VWS"",""UZ271WU40"",""UJ65P6F44"",""UL2989703"",""U306GEBY8"",""U5V38TNV1"",""U378U76S4"",""UEA8H90WN"",""UA7M10C0O""]","[{""name"": ""point_up"", ""users"": [""U3TE14ET2"", ""UZ5125Y28"", ""UK4V3ON2O""], ""count"": 3}, {""name"": ""raised_hands"", ""users"": [""UPT27H737""], ""count"": 1}, {""name"": ""pray"", ""users"": [""UIX8TSI0Y""], ""count"": 1}, {""name"": ""approved"", ""users"": [""UDC0ZA535"", ""U9E255NN9"", ""U7ZP08017""], ""count"": 3}, {""name"": ""white_check_mark"", ""users"": [""UZ90K3JDW"", ""U3TE14ET2""], ""count"": 2}]",2024-10-15,2024-10-15 19:27:37,2024-10-15 20:12:17
165cc1b2-918a-4d6c-984e-1b444ad951f2,U96N45CL2,social,35,10,"[""UL2989703"",""UIX8TSI0Y"",""U2QXC4ZNG"",""UCL2RJ89X"",""UY640917T"",""UYJ494VWS"",""UA7M10C0O"",""UKVN1ZI1Z"",""UE0WA7608"",""UEZMYV74R""]",[],2025-08-29,2025-08-29 01:53:41,2025-08-29 02:02:58
2ed20501-fdfa-45a5-aa95-ef869894067a,UL96240J4,cats,50,7,"[""UOBK5OFZ0"",""U0381889F"",""U7W96XW2A"",""UC3Z15JC3"",""UY640917T"",""UYEP6YY91"",""UG6UG9470""]",[],2024-07-06,2024-07-06 00:09:04,2024-07-06 01:05:29
3c69b9da-ec83-40db-bdf0-f69f53fe2b1a,U0EIW7DOX,random,16,14,"[""UZ5125Y28"",""U84A3Q05B"",""ULRS0HVJ3"",""U7W96XW2A"",""UOBK5OFZ0"",""U9E255NN9"",""U4095YWYD"",""UJ65P6F44"",""UL96240J4"",""UK756E555"",""U0GBC0N90"",""UN0J0I7F0"",""UWW10VL06"",""UV4M04Y17""]","[{""name"": ""ty"", ""users"": [""ULRS0HVJ3"", ""U1FM88J9J""], ""count"": 2}]",2024-09-15,2024-09-15 00:11:58,2024-09-15 01:02:40
7b080ee2-2026-4393-9acd-8a6a4b18e894,U84A3Q05B,marketing,12,3,"[""UF39WLXAT"",""U0381889F"",""UYJ494VWS""]","[{""name"": ""approved"", ""users"": [""U2QXC4ZNG""], ""count"": 1}, {""name"": ""point_up"", ""users"": [""U0EIW7DOX"", ""UYEP6YY91"", ""UZ271WU40""], ""count"": 3}]",2025-07-08,2025-07-08 10:44:02,2025-07-08 11:31:48
be311f21-d47d-4e54-988c-7662801826f6,UB51ZBPGJ,cats,21,17,"[""UZ90K3JDW"",""UU6K92DUR"",""U8S28EIM6"",""U84A3Q05B"",""U3U77Y17K"",""UFUV7GPHM"",""UEA8H90WN"",""UO513ARUP"",""ULWL32B29"",""U0381889F"",""U6P582A60"",""UNNH8IW78"",""UL96240J4"",""UR257U86O"",""UN979RN92"",""UG6UG9470"",""U0D6182AR""]","[{""name"": ""laugh"", ""users"": [""UG6UG9470"", ""UIX8TSI0Y"", ""U378U76S4""], ""count"": 3}, {""name"": ""raised_hands"", ""users"": [""U8S28EIM6"", ""ULAN263E4""], ""count"": 2}]",2025-02-09,2025-02-09 07:54:56,2025-02-09 08:49:21
e4c076fd-fc3e-4170-ab22-bd5f05a445b3,ULWL32B29,cats,36,14,"[""U91Q0A72O"",""UE83A3954"",""UIX8TSI0Y"",""U0EIW7DOX"",""U0D6182AR"",""UORS33I12"",""UDC0ZA535"",""UFF1HYHJ2"",""UA3IV9419"",""U34AX16M0"",""UL2989703"",""UNS22LGIY"",""UNC2V4ZD7"",""U3O3NUM10""]","[{""name"": ""merged"", ""users"": [""UKVN1ZI1Z""], ""count"": 1}]",2025-01-16,2025-01-16 01:32:55,2025-01-16 02:07:32
fed108e9-e393-4199-add1-42130e523307,U6P582A60,random,26,23,"[""U3O3NUM10"",""UL92954KA"",""U0D6182AR"",""U168N7Y9G"",""U4095YWYD"",""U81OT695K"",""U1FM88J9J"",""UV4M04Y17"",""UN979RN92"",""UPT27H737"",""UWW10VL06"",""UNC2V4ZD7"",""UH749DC04"",""UWBXBIUB7"",""UKA77QAYY"",""UEZMYV74R"",""UWL5JX23M"",""U6P582A60"",""UR257U86O"",""ULWL32B29"",""U0EIW7DOX"",""UYVM94HE1"",""UQY0NPYWN""]",[],2024-10-25,2024-10-25 04:33:13,2024-10-25 04:55:15
024aea24-08d2-4944-a850-ba1e8c12f83b,US3QTX4Z1,general,49,30,"[""UNS22LGIY"",""UH749DC04"",""U3HY0BS3W"",""U3U77Y17K"",""UZ90K3JDW"",""UYJ494VWS"",""UN0J0I7F0"",""UJ65P6F44"",""UEA8H90WN"",""UV77JEL7Q"",""UQSF747QR"",""UE83A3954"",""UNC2V4ZD7"",""US3QTX4Z1"",""UU95TZPYP"",""U08ITMEA6"",""U0GBC0N90"",""UK4V3ON2O"",""UOBK5OFZ0"",""UKVN1ZI1Z"",""U9E255NN9"",""UP9T7VJBF"",""UEZMYV74R"",""U0EIW7DOX"",""U84A3Q05B"",""UF39WLXAT"",""U85PB3J63"",""UB81I8027"",""UDC0ZA535"",""ULRS0HVJ3""]",[],2025-02-26,2025-02-26 10:08:36,2025-02-26 10:28:15
04a5ea0f-817d-47d7-9f15-5a5bea08ad6b,UNY6WDI60,marketing,20,16,"[""UB9LLF16J"",""U8S28EIM6"",""UV77JEL7Q"",""UO513ARUP"",""U306GEBY8"",""UL9VWQ9S2"",""UB51ZBPGJ"",""UC3Z15JC3"",""U91Q0A72O"",""UG6UG9470"",""U08ITMEA6"",""U81OT695K"",""UZ271WU40"",""UYEP6YY91"",""U168N7Y9G"",""UK4V3ON2O""]",[],2024-10-04,2024-10-04 15:18:15,2024-10-04 15:45:32
1c0c1455-096d-4981-aa62-0bcabd390fd3,U2M260029,marketing,11,10,"[""UJ65P6F44"",""UK756E555"",""U306GEBY8"",""U3U77Y17K"",""US3QTX4Z1"",""UU95TZPYP"",""U96N45CL2"",""U168N7Y9G"",""UNVWFC5Q1"",""UIDQ8QXI5""]","[{""name"": ""laugh"", ""users"": [""U7ZP08017"", ""UQY0NPYWN"", ""UL96240J4""], ""count"": 3}]",2024-11-07,2024-11-07 07:23:20,2024-11-07 07:37:16
2917673e-1a9d-4f7d-b38c-d282aebd331d,U306GEBY8,engineering,8,5,"[""UP9T7VJBF"",""U0D6182AR"",""UNC2V4ZD7"",""UWW10VL06"",""UEZMYV74R""]",[],2024-11-12,2024-11-12 09:15:15,2024-11-12 09:34:02
357fa159-4424-4cc6-9732-156a38ae8f64,UY640917T,cats,46,23,"[""UFUV7GPHM"",""U5V38TNV1"",""UKVN1ZI1Z"",""UA3IV9419"",""UZ90K3JDW"",""UWL5JX23M"",""ULRS0HVJ3"",""U8S28EIM6"",""U378U76S4"",""UFF1HYHJ2"",""UNVWFC5Q1"",""UZ5125Y28"",""U2XQ3JJAN"",""UPT27H737"",""U4095YWYD"",""UG6UG9470"",""UF39WLXAT"",""U0KG42Q0P"",""U6P582A60"",""UWBXBIUB7"",""UN0J0I7F0"",""U0D6182AR"",""UL9VWQ9S2""]",[],2024-08-17,2024-08-17 02:20:23,2024-08-17 03:18:52
b3828af4-c174-41d1-9c54-5ef6df980214,UKVN1ZI1Z,social,2,1,"[""U4095YWYD""]",[],2025-04-28,2025-04-28 15:04:59,2025-04-28 15:56:28
fa820220-e442-4bbe-afba-e751152d4c5a,UNVWFC5Q1,general,19,1,"[""UE0WA7608""]",[],2025-07-29,2025-07-29 23:15:29,2025-07-29 23:28:49
